categorie,Nom,Adresse,Email,Téléphone
Chambres d'hôtes,Bienvenue chez Mimi et Momo,1080 Route des plaines 04110 Villemus,labastidedesjourdans@laposte.net,06 73 52 02 32
Chambres d'hôtes,Chambre d'hôte Alizée Moulin de Predelles,4999 chemin du Largue 04110 Reillanne,moulindepredelles@gmail.com,04 92 77 25 65
Chambres d'hôtes,Chambre d'hôtes La Buisse,Domaine La Buisse 04150 Simiane-la-Rotonde,domainelabuisse@gmail.com,06 46 47 06 75
Chambres d'hôtes,Chambre d'Hôtes Le Verger,137 rue du 1er Mai 04300 Saint-Maime,christine@levergerenprovence.fr,06 60 88 26 41
Chambres d'hôtes,Chambres d'hôtes du Jardin de l'abbaye de Valsaintes,Abbaye de Valsaintes 04150 Simiane-la-Rotonde,hebergement@valsaintes.org,04 92 75 94 19
Chambres d'hôtes,Chambres d'hotes Le Moulin Brun,04110 Aubenas-les-Alpes,info@lureluberon.com,492766119
Chambres d'hôtes,Chambres d'hôtes « Pacaleaula »,"4614, route de Banon 04870 Saint-Michel-l'Observatoire",wolfgang.dubbert@gmail.com,06 44 05 38 12
Chambres d'hôtes,Chambres D’hôtes Zephyr Et Libeccio Au Moulin De Predelles,4999 Chemin du Largue 04110 Reillanne,moulindepredelles@gmail.com,04 92 77 25 65
Chambres d'hôtes,Domaine de Pradaous,04110 Reillanne,Non trouvé,04.92..74.98.99
Chambres d'hôtes,Domaine Rûmi,237 chemin de la blancharde 04870 Saint-Michel-l'Observatoire,domainerumi@gmail.com,674546127
Chambres d'hôtes,Gîte La Fontaine,04150 Simiane-la-Rotonde,contact@gitelafontaine.fr,06 40 41 31 39
Chambres d'hôtes,Home Shanti Home,La Lebratière 04150 Simiane-la-Rotonde,Non trouvé,06 85 91 28 65
Chambres d'hôtes,Imagnine,Le village 04150 Revest-des-Brousses,imaginehotes@gmail.com,06 71 00 44 39
Chambres d'hôtes,La chambre de Colette,Rue de la Poste 04110 Reillanne,Non trouvé,06 87 57 78 68
Chambres d'hôtes,La Grange,La Combe de Vaux 04150 Montsalier,laurencegeoffroy@gmail.com,06 10 50 02 12
Chambres d'hôtes,La Maison Haute,4 Rue de l'hôtel dieu 04150 Banon,fradu999@aol.com,06 65 53 58 06
Chambres d'hôtes,La Petite Campagne,Chemin de la Pourlière 04300 Mane,esmiolmuriel@aol.com,06 79 06 03 77
Chambres d'hôtes,L'auberge de Montsalier,28 Place Borel 04150 Montsalier,laubergedemontsalier@gmail.com,04.92.74.11.32
Chambres d'hôtes,Le Chant du Sureau,80 rue du Cordonnier 04150 Redortiers,violaine.lechantdusureau@gmail.com,07 89 21 84 30
Chambres d'hôtes,Le Clos des Amandiers,Hameau de Cheyran 04150 Simiane-la-Rotonde,dauvillier@me.com,06 08 11 39 82
Chambres d'hôtes,Le Galoubet,04110 Reillanne,legaloubet04@gmail.com,07 68 30 43 64
Chambres d'hôtes,LE GITE DE LISA,Quartier Le Bastier 04870 ST MICHEL L'OBSERVATOIRE 04110 Reillanne,patrick.campanella@wanadoo.fr,06 89 04 59 43
Chambres d'hôtes,Le Jardin de la Tuilerie,Le hameau de Dauban 04150 Banon,lejardindelatuilerie@gmail.com,06 80 59 81 69
Chambres d'hôtes,Le moulin des Brieux,Les Brieux 04150 Redortiers,lamadamemarie@hotmail.com,667853651
Chambres d'hôtes,Le Moulin des Encontres,Le Moulin des Encontres 04300 Dauphin,infos@moulindesencontres.com,04 92 79 53 84
Chambres d'hôtes,Le Petit Labouret en Provence,Route de Sault 04150 Revest-du-Bion,yves.viales@laposte.net,04 92 72 30 92
Chambres d'hôtes,Le Pigeonnier,226 route des 4 vents 04150 La Rochegiron,steve_cicou@hotmail.com,04 92 73 36 25
Chambres d'hôtes,Les bois rouges,811 route de St Pancrace 04150 La Rochegiron,fornierpascal2@gmail.com,06 42 06 67 23
Chambres d'hôtes,Les Favouilles - Chambres d'hôtes,2440 chemin de Biabaux 04300 Dauphin,lesfavouilles@laposte.net,06 17 03 08 87
Chambres d'hôtes,LES MARRONNIERS,Bd de la Tuilière 04110 Reillanne,chiron.jeanpierre@orange.fr,06 88 35 72 58
Chambres d'hôtes,Les Marronniers,Avenue Clémenceau 04150 Revest-du-Bion,lesmarronniers04@hotmail.fr,04 92 79 80 14
Chambres d'hôtes,L'Olivier sur la place,4 place du charron 04150 La Rochegiron,jardin.deloise@orange.fr,06 83 38 09 30
Chambres d'hôtes,Maison d'hôtes La Halte Gourmande,81 Chemin de la conseillère 04110 Vachères,contact@halte-gourmande.fr,04 92 87 81 66
Chambres d'hôtes,MANOURY Anne-Laure,110 place du Serre 04870 Saint-Michel-l'Observatoire,annelmanou@gmail.com,623972076
Chambres d'hôtes,"Mas des Treilles - ""Côté Villages""","443, Chemin des Treilles 04300 Mane",reservation@masdestreilles.fr,07 82 72 33 64
Chambres d'hôtes,Saint Sauveur,Domaine Saint-Sauveur 04870 Saint-Michel-l'Observatoire,Non trouvé,06 17 29 47 64
Chambres d'hôtes,Studio Le Clos d'Yrem,15 impasse de l’Ancienne Poste 04150 La Rochegiron,sophie@zephyrandco.com,06 17 27 59 71
Chambres d'hôtes,SUD-SUDEST,La Coupière 04110 Aubenas-les-Alpes,marieguenot@yahoo.fr,04 92 79 19 74
Chambres d'hôtes,VACANCES EN LUBERON Chambres d'hôtes,Rue Daniel Reynaud 04110 Reillanne,rixt-imco@vacances-en-luberon.com,00 04 13 49 00 11
Hotels & palaces,Hôtel Galilée,Rue Gérant 04870 Saint-Michel-l'Observatoire,hotelgalilee@gmail.com,786548973
Hotels & palaces,Hôtel-Restaurant l'Observatoire,place la Fontaine 04870 Saint Michel l'Observatoire 04870 Saint-Michel-l'Observatoire,Non trouvé,04 92 87 82 07
Hotels & palaces,Le  Mas du Pont Roman - Hôtel,Chemin de Châteauneuf 04300 Mane,info@maspontroman.com,04 92 75 49 46
Hotels & palaces,Le Couvent des Minimes Hôtel & Spa L'Occitane,Chemin des Jeux de Maï 04300 Mane,reservations@couventdesminimes-hotelspa.com,04 92 74 77 77
camping & plein air,Aire d'accueil municipale,Les Brémonds 04150 Revest-des-Brousses,mairie.revestdesbrousses@orange.fr,04.92.73.28.58
camping & plein air,Aire de camping-cars,Boulevard de la Tuilière 04110 Reillanne,mairie@reillanne.fr,04 92 76 42 07
camping & plein air,Aire de service et de stationnement camping-car de Banon,Halte randonneur 04150 Banon,mairiebanon-ahp@wanadoo.fr,04 92 73 20 08
camping & plein air,Camping Au Tylo Soleil,627 route des Encontres 04300 Dauphin,admin@autylosoleil.fr,04 92 79 51 91
camping & plein air,Camping la Rivière,Lieu-dit Les Côtes 04300 Saint-Maime,contact@camping-lariviere.com,06 45 94 56 39
camping & plein air,Camping Municipal,Avenue Clémenceau Le Village 04150 Revest-du-Bion,commune.revestdubion@orange.fr,06 23 51 27 81
camping & plein air,Camping Naturiste Le Vallon des Oiseaux,CENTRE NATURISTE Route de Carluc BP 17 04110 Reillanne,info@levallon.com,04 92 76 47 33
camping & plein air,Flower Camping L'Epi Bleu,Lieu dit Les gravières 04150 Banon,contact@campingepibleu.com,04 92 73 30 30
camping & plein air,Les Favouilles -Camping chez l'Habitant,Les Favouilles 04300 Dauphin,lesfavouilles@laposte.net,06 17 03 08 87
camping & plein air,SAS Camping Valsaintes,Domaine de Valsaintes 04150 Simiane-la-Rotonde,valsaintes04@aol.fr,06 71 11 06 27
hebergements collectifs & insolites,Accueil centre de vacances et de loisirs - Centre Astro,Plateau du Moulin à vent 04870 Saint-Michel-l'Observatoire,contact@centre-astro.fr,04 92 76 69 69
hebergements collectifs & insolites,Bastide Flandry,579 chemin de Flandry 04150 La Rochegiron,bastideflandry@gmail.com,06.61.47.69.53
hebergements collectifs & insolites,Biabaux - Loisirs Provence Méditerranée,Loisirs Provence Méditerrannée 04870 Saint-Michel-l'Observatoire,biabaux@lpm.asso.fr,04 92 76 63 63
hebergements collectifs & insolites,Chambres d'Hôtes Le Verger / Roulotte Esméralda,137 rue du 1er Mai 04300 Saint-Maime,christine@levergerenprovence.fr,06 60 88 26 41
hebergements collectifs & insolites,Gîte de l'Abbaye de Valsaintes,Lieu Dit Boulinette 04150 Simiane-la-Rotonde,hebergement@valsaintes.org,04 92 75 94 19
hebergements collectifs & insolites,Gite d'étape  Le Trait,Le Trait 04150 Redortiers,helene.merle.letrait@gmail.com,06 66 30 91 95
hebergements collectifs & insolites,Gîte d'étape Municipal,Le Village 04110 Oppedette,mairieoppedette@wanadoo.fr,04 92 75 93 13
hebergements collectifs & insolites,Gîtes d'étape de Chaloux,Chaloux 04150 Simiane-la-Rotonde,tom@chaloux.fr,06 33 95 87 44
hebergements collectifs & insolites,Le Moulin - Gite La Tour,546 chemin du moulin 04150 La Rochegiron,gitelemoulin04@gmail.com,06 61 47 69 53
hebergements collectifs & insolites,Les Favouilles - Gite collectif,2440 chemin de Biabaux 04300 Dauphin,lesfavouilles@laposte.net,06 17 03 08 87
hebergements collectifs & insolites,Une Cabane en Haute-Provence,Campagne Les Roustourons 04150 Redortiers,bremond.agriculture@gmail.com,06 825 827 61
"meublés
de tourisme",Alma : Nature et Bien-Etre,Champ pourcel Lincel 04870 Saint-Michel-l'Observatoire,Non trouvé,Non trouvé
"meublés
de tourisme",Au Nid D'Ange,128 Avenue des Braves 04870 Saint-Michel-l'Observatoire,chapelle.emanuel@neuf.fr,06 19 13 73 10
"meublés
de tourisme",BRESSAND Andre et Helene,CAMPAGNE MALAGOUSTA 04870 Saint-Michel-l'Observatoire,infos@gites-de-france-04.fr,Non trouvé
"meublés
de tourisme",BRESSAND Andre et Helene,CAMPAGNE MALAGOUSTA 2 04870 Saint-Michel-l'Observatoire,infos@gites-de-france-04.fr,Non trouvé
"meublés
de tourisme",Caliente - Le Mas La Bella Vista,chemin des Ubages 04300 Dauphin,labellavista04@gmail.com,+33 6 82 15 17 94
"meublés
de tourisme",Campagne Beauregard,Chemin de Beauregard 04300 Dauphin,isa.agostini@free.fr,607251760
"meublés
de tourisme",Campagne La Chaume,Chemin de la chaume 04110 Vachères,info@gites-de-france-04.fr,04 92 31 30 40
"meublés
de tourisme",Château de Sauvan,Château de Sauvan 04300 Mane,chateaudesauvan@gmail.com,06 70 03 27 04
"meublés
de tourisme",Château de Sauvan,Château de Sauvan 04300 Mane,chateaudesauvan@gmail.com,06 70 03 27 04
"meublés
de tourisme",Chez Angélique,12 rue de l'église 04300 Dauphin,angelique.touche@laposte.net,06 15 37 01 43
"meublés
de tourisme",Chez Marius,192 rue de l’industrie (anciennement impasse Saint Just) 04150 Banon,laurabaroni@hotmail.fr,06 89 86 45 05
"meublés
de tourisme",Cocoon - Le Mas La Bella Vista,chemin des Ubages 04300 Dauphin,labellavista04@gmail.com,+33 6 82 15 17 94
"meublés
de tourisme",Dolce Vita - Le Mas La Bella Vista,chemin des Ubages 04300 Dauphin,labellavista04@gmail.com,+33 6 82 15 17 94
"meublés
de tourisme",Domaine d'Aubignane,Domaine d'Aubignane 04150 Redortiers,contact@domaine-aubignane.com,06 13 95 29 38
"meublés
de tourisme",Domaine de Pitaugier,Domaine de Pitaugier 04300 Mane,mariechristine.masucco@gmail.com,06 85 59 64 75
"meublés
de tourisme",Domaine des 2 cèdres,705 route de Sault 04150 Revest-du-Bion,laurence.milliat@wanadoo.fr,06 08 73 37 40
"meublés
de tourisme",Domaine La Flachère,La Flachère 04150 Simiane-la-Rotonde,bernard.jolly@skynet.be,Non trouvé
"meublés
de tourisme",Domaine la Melette /  gîte Le Mazet,501 chemin de la melette 04150 Simiane-la-Rotonde,marie.vauge@laposte.net,06 08 64 42 28
"meublés
de tourisme",Domaine La Melette - Gîte La Priée,"114, rue de Carniol 04150 Simiane-la-Rotonde",marie.vauge@laposte.net,06 08 64 42 28
"meublés
de tourisme",Domaine la Melette - Gîte Le Larès,501 chemin de Lamelette 04150 Simiane-la-Rotonde,marie.vauge@laposte.net,06 08 64 42 28
"meublés
de tourisme",Domaine Saint-Quentin,1719 route d'Apt 04110 Oppedette,manager@domainedesaintquentin.fr,+33 7 83 95 14 80
"meublés
de tourisme",Farniente - Le Mas La Bella Vista,chemin des Ubages 04300 Dauphin,labellavista04@gmail.com,+33 6 82 15 17 94
"meublés
de tourisme",Ferme des 4 Reines,Les Encontres 04300 Dauphin,ferme4reines@gmail.com,06 72 43 44 60
"meublés
de tourisme",Fuyara,Fuyara Saint Laurent 04110 Vachères,mlq83140@gmail.com,699334007
"meublés
de tourisme",Gîte - Campagne Font d'Antiges,CAMPAGNE FONT D'ANTIGES 04150 Revest-du-Bion,infos@gites-de-france-04.fr,Non trouvé
"meublés
de tourisme",Gîte - Le Revest,Combe de Bordeaux 04150 Revest-du-Bion,infos@gites-de-france-04.fr,04 92 31 30 40
"meublés
de tourisme",Gîte - L'Estasiau,DERRIERE-LA-COLLE 04110 Vachères,infos@gites-de-france-04.fr,Non trouvé
"meublés
de tourisme",Gîte  Oustaou Magnane,21 rue du Planet 04110 Reillanne,gfpere.hp65@orange.fr,06 67 63 09 83
"meublés
de tourisme",Gîte - Pré-Long,PRE-LONG 04150 Revest-du-Bion,infos@gites-de-france-04.fr,Non trouvé
"meublés
de tourisme",Gite Colline,La Liauthaude chemin Pramaïche 04300 Mane,infos@gites-de-france-04.fr,Non trouvé
"meublés
de tourisme",Gîte d'Ardène,ARDENE 04870 Saint-Michel-l'Observatoire,autane.yves04@gmail.com,04 92 76 62 67
"meublés
de tourisme",Gite Dauphin,LINCEL 04870 Saint-Michel-l'Observatoire,alain.maillat@wanadoo.fr,04 92 76 62 46
"meublés
de tourisme",Gîte de charme en Provence,Chemin du Pont Rouge 04300 Dauphin,philippe.vollmer@gmail.com,06 80 08 75 91
"meublés
de tourisme",Gîte de L'Abbaye de Valsaintes,Lieu Dit Boulinette 04150 Simiane-la-Rotonde,hebergement@valsaintes.org,06 82 01 97 54
"meublés
de tourisme",Gite de Puyharas La Terrasse,Le domaine de Puyharas 04150 Banon,puyharas@wanadoo.fr,04 92 73 23 09
"meublés
de tourisme",Gite de Puyharas La Voute,Le domaine de Puyharas 04150 Banon,puyharas@wanadoo.fr,04 92 73 23 09
"meublés
de tourisme",Gite de Puyharas Le Gros Peuplier,Le domaine de Puyharas 04150 Banon,puyharas@wanadoo.fr,04 92 73 23 09
"meublés
de tourisme",Gite de Puyharas Lure,Le domaine de Puyharas 04150 Banon,puyharas@wanadoo.fr,04 92 73 23 09
"meublés
de tourisme",Gîte d'étape Equin,Lieu dit Les Cadettes 04150 Revest-des-Brousses,dbenguigui@hotmail.fr,609583245
"meublés
de tourisme",Gîte d'Etape Melclo,Villa les près le Prieuré 04300 Mane,boudicca04.12@gmail.com,06 71 62 40 89
"meublés
de tourisme",Gite du Barri,Rue du Barri Lincel 04870 Saint-Michel-l'Observatoire,nicole.massel@free.fr,09 54 27 23 19
"meublés
de tourisme",Gîte du Domaine de Pierre Rousse,DOMAINE DE PIERRE ROUSSE CHEMIN JEAN VINCENT 04150 Revest-du-Bion,gitesdepierrerousse@gmail.com,07 86 59 49 72
"meublés
de tourisme",Gîte La Gaudine,La vieille Gaudine 04300 Dauphin,mireille.leouffre@gmail.com,07 69 58 78 06
"meublés
de tourisme",Gîte La Lirette,Rue de la Lirette 04870 Saint-Michel-l'Observatoire,balcor@wanadoo.fr,682132026
"meublés
de tourisme",Gîte La Maison Dumaistre,Haut village 04150 Simiane-la-Rotonde,gauthierservice04@gmail.com,783577176
"meublés
de tourisme",Gîte La Ramade,LA RAMADE VACHERES 04110 Vachères,laramade04@gmail.com,06 64 24 90 75
"meublés
de tourisme",Gîte Le Cabanon,Les Bombouyes 04150 Simiane-la-Rotonde,laurentpascale.chenaldavid@orange.fr,04 92 73 31 57
"meublés
de tourisme",Gîte Le Cheyran,CHEYRAN 04150 Simiane-la-Rotonde,infos@gites-de-france-04.fr,Non trouvé
"meublés
de tourisme","Gîte ""Le Lavandin""",153 Chemin du Moulin Nalin 04300 Dauphin,sandrine04300@gmail.com,06 13 07 28 10
"meublés
de tourisme",Gite Le Moulin,quartier du plan 04300 Mane,d.richard802@laposte.net,Non trouvé
"meublés
de tourisme",Gîte Le moulin Brun - La Colline,04110 Aubenas-les-Alpes,info@lureluberon.com,492766119
"meublés
de tourisme",Gîte Le Moulin Brun - Le Largue,04110 Aubenas-les-Alpes,info@lureluberon.com,492766119
"meublés
de tourisme",Gîte Le Petit Chavon,LE PETIT CHAVON 04150 Simiane-la-Rotonde,infos@gites-de-france-04.fr,04 92 75 96 19
"meublés
de tourisme",Gîte Le Tramontane au Moulin de Predelles,4999 Chemin du Largue 04110 Reillanne,moulindepredelles@gmail.com,04 92 77 25 65
"meublés
de tourisme","Gîte ""Le Vignaou""",Chemin de la Brussade 04150 Simiane-la-Rotonde,al.cerutti@gestalt.fr,603551044
"meublés
de tourisme",Gîte les Coquelicots,Le village 04150 Montsalier,christina.coquelicot@gmail.com,06 75 03 90 40
"meublés
de tourisme",Gîte Les Esteves,Gîte les Esteves 04150 Simiane-la-Rotonde,Non trouvé,06 13 82 34 66
"meublés
de tourisme",Gîte Les Granges de Saint-Pierre,Les Granges de Saint-Pierre 04150 Simiane-la-Rotonde,lesgrangesdesaintpierre@yahoo.fr,06 63 68 13 48
"meublés
de tourisme",Gite Les Hauts de Reillanne,1 Les Hauts de Reillanne 04110 Reillanne,pascalecarbonnelle@yahoo.fr,684606980
"meublés
de tourisme",Gite les Ribasses,LE CHATEAU LES RIBASSES 04110 Aubenas-les-Alpes,jm.de-angelis@wanadoo.fr,06 50 07 12 35
"meublés
de tourisme",Gîte Marronnier - les Basses Combes,Les Basses Combes 04110 Vachères,daniel.le-cornec@wanadoo.fr,04 92 75 61 60
"meublés
de tourisme","Gîte ""Olivier""",Le Figuier Chemin du Moulin Nalin 04300 Dauphin,sandrine04300@gmail.com,06 13 07 28 10
"meublés
de tourisme",Gite Oppedette,Chemin de la Turelenche - LINCEL 04870 Saint-Michel-l'Observatoire,alain.maillat@gmail.com,06 83 17 63 26
"meublés
de tourisme",Gîte Provence Luberon,Relais de la Gravière 04150 Revest-des-Brousses,relaisdelagraviere000@gmail.com,06 45 10 71 41
"meublés
de tourisme",Gite Regain,La Liauthaude chemin Pramaïche 04300 Mane,d.richard802@laposte.net,Non trouvé
"meublés
de tourisme",Gîte Romantique,Lieu-dit La Palud 04150 Simiane-la-Rotonde,Non trouvé,Non trouvé
"meublés
de tourisme",Gîte -Saule - Les Basses Combes,Les Basses Combes 04110 Vachères,daniel.le-cornec@wanadoo.fr,04 92 75 61 60
"meublés
de tourisme",Gîte -Tessa,40 rue des Moulins 04110 Vachères,annemariesimondi@icloud.com,06 45 06 24 27
"meublés
de tourisme",Gîte Vach'Air,chemin des Battarins 04110 Vachères,mjopionnier@gmail.com,06 81 72 48 45
"meublés
de tourisme",Gites Malagousta,Malagousta Le Moulin à Vent 04870 Saint-Michel-l'Observatoire,Non trouvé,04 92 76 62 21
"meublés
de tourisme",Jolie maison en Provence,2501 route de l'Armée 04150 Banon,Non trouvé,Non trouvé
"meublés
de tourisme",Joy,26 B le haut des moulins 04110 Vachères,christine.bague@sfr.fr,06 81 43 85 31
"meublés
de tourisme",La Belle Vie - Le Mas La Bella Vista,chemin des Ubages 04300 Dauphin,labellavista04@gmail.com,+33 6 82 15 17 94
"meublés
de tourisme",La Bergerie des Litornes,04150 L'Hospitalet,karine.apdestination@gmail.com,04.92.73.03.52
"meublés
de tourisme",La Braisse,Le plan Les Eaux Claires 04150 Banon,contact.labraisse@gmail.com,06 86 73 14 52
"meublés
de tourisme",La Buisse - Gîte Luberon,Domaine de La Buisse 04150 Simiane-la-Rotonde,domainelabuisse@gmail.com,06 46 47 06 75
"meublés
de tourisme",La Buisse - Gîte Montagne de Lure,Lieu-dit La Buisse 04150 Simiane-la-Rotonde,domainelabuisse@gmail.com,04 92 79 10 59
"meublés
de tourisme",La Fenice,Le village 04110 Montjustin,meiryaniv@gmail.com,+972544730897
"meublés
de tourisme",La Grande Ourse,Le Pigeonnier 04870 Saint-Michel-l'Observatoire,chevalierjw04@gmail.com,06 59 62 39 32
"meublés
de tourisme",La Grange Des Davids,LA GRANGE DES DAVIDS 04110 Oppedette,tollioub@gmail.com,06 10 59 20 55
"meublés
de tourisme",La Maison Lombard,Chemin de l'orge 04150 Banon,Non trouvé,665858915
"meublés
de tourisme",La Mosaïque - Gite Les Ocres,346 chemin de la crau 04300 Dauphin,gitelamosaique@gmail.com,06 49 56 47 29
"meublés
de tourisme",La Mosaïque - Gîte Les Oliviers,346 chemin de la crau 04300 Dauphin,gitelamosaique@gmail.com,06 49 56 47 29
"meublés
de tourisme",La Norgère,Chemin de Clavières 04300 Mane,contact@norgere.com,06 25 29 19 38
"meublés
de tourisme",LA PETITE PONCETTE,La Petite Poncette 04110 Reillanne,infos@phc04.fr,04 92 75 12 84
"meublés
de tourisme",La Priée,route de Banon 04150 Simiane-la-Rotonde,regisguyonnet@gmail.com,614464959
"meublés
de tourisme",La tête dans les étoiles,616 chemin du pigeonnier 04870 Saint-Michel-l'Observatoire,scicluna8@gmail.com,06 68 21 02 20
"meublés
de tourisme",L'abeille sous les étoiles - Gîte la Butineuse,749 route de l’Observatoire 04870 Saint-Michel-l'Observatoire,contact@labeillesouslesetoiles.com,06 86 07 27 72
"meublés
de tourisme",L'abeille sous les étoiles- gîte l'Observatoire,749 route de l’Observatoire 04870 Saint-Michel-l'Observatoire,contact@labeillesouslesetoiles.com,06 86 07 27 72
"meublés
de tourisme",L'Abri - SAINT-MICHEL-L'OBSERVATOIRE,Rue du Château - LINCEL 04870 Saint-Michel-l'Observatoire,gitelabri-lincel@orange.fr,06 28 28 05 42
"meublés
de tourisme",LE BEL ETAGE,Rue Daniel Reynaud 04110 Reillanne,rixt-imco@vacances-en-luberon.com,04 13 49 00 11
"meublés
de tourisme",Le Bon Plan,Le Plan Route de Cheyran 04150 Simiane-la-Rotonde,figuier04@orange.fr,06 79 72 65 60
"meublés
de tourisme",LE CABANON,Rue Daniel Reynaud 04110 Reillanne,rixt-imco@vacances-en-luberon.com,00 33 4 13 49 00 11
"meublés
de tourisme",Le Cabanon,Chemin de la Turelenche - LINCEL 04870 Saint-Michel-l'Observatoire,alain.maillat@gmail.com,04 92 76 62 46
"meublés
de tourisme",Le Cabanon,5 rue du Défends 04150 L'Hospitalet,sophiesegaud@neuf.fr,06 12 32 64 01
"meublés
de tourisme",Le Cabanon,1599 route d'Aubenas les Alpes 04110 Vachères,les4oliviers@orange.fr,06 86 01 99 49
"meublés
de tourisme",Le Clos du Tuilier,1697 Route de Vachères 04110 Oppedette,valerie@closdutuilier.com,+33 (0)6.44.64.42.55
"meublés
de tourisme",Le clôt de Lève,204 chemin du Clôt de Leve 04150 Simiane-la-Rotonde,christian.sanegre@gmail.com,Non trouvé
"meublés
de tourisme",Le Gite de la Maison,210 route de Valsaintes 04150 Simiane-la-Rotonde,flosten@icloud.com,06 08 28 91 88
"meublés
de tourisme",Le Grand Chêne,Chemin de la chaume 04110 Vachères,info@gites-de-france-04.fr,04 92 31 30 40
"meublés
de tourisme",Le Hameau de Pichovet - Bergerie,Campagne Pichovet 04110 Vachères,contact@hameau-de-pichovet.com,06 87 33 40 41
"meublés
de tourisme",Le Hameau de Pichovet - La Fenière,Campagne Pichovet 04110 Vachères,contact@hameau-de-pichovet.com,04 92 73 33 48
"meublés
de tourisme",Le Hameau de Pichovet - La Grange,Le Hameau de Pichovet 04110 Vachères,contact@hameau-de-pichovet.com,06 87 33 40 41
"meublés
de tourisme",Le Hameau de Pichovet - L'Amandier,Campagne Pichovet 04110 Vachères,contact@hameau-de-pichovet.com,06 87 33 40 41
"meublés
de tourisme",Le Hameau de Pichovet - Le Tilleul,Campagne Pichovet 04110 Vachères,contact@hameau-de-pichovet.com,06 87 33 40 41
"meublés
de tourisme",Le Hameau du Pichovet - Le Figuier,Campagne Pichovet 04110 Vachères,contact@hameau-de-pichovet.com,06 87 33 40 41
"meublés
de tourisme",Le Haut Cheyran,Le Haut Cheyran 04150 Simiane-la-Rotonde,elodiewicart@gmail.com,658342995
"meublés
de tourisme",Le Jardin de la Tuilerie,Le hameau de Dauban 04150 Banon,lejardindelatuilerie@gmail.com,06 80 59 81 69
"meublés
de tourisme",Le jas des gros bonnets,1245 chemin des gros bonnets 04150 Redortiers,bht@tahyar.com,06 89 94 58 91
"meublés
de tourisme",Le Marguis,Le Marguis 04110 Vachères,marie.morin61@sfr.fr,06 60  90 59 46
"meublés
de tourisme","Le Mas des Treilles - Gîte ""Côté Campagne""","443, Chemin des Treilles 04300 Mane",contact@masdestreilles.fr,07 82 72 33 64
"meublés
de tourisme","Le Mas du Pont Roman  "" Côté Luberon""",Chemin de Châteauneuf 04300 Mane,info@maspontroman.com,04 92 75 49 46
"meublés
de tourisme","Le Mas du Pont Roman - ""Côté Châteauneuf"" / ""Côté Salagon""",Chemin de Châteauneuf 04300 Mane,info@maspontroman.com,04 92 75 49 46
"meublés
de tourisme",Le Mas du Pont Roman - Villa de luxe,Chemin de Châteauneuf 04300 Mane,info@maspontroman.com,04 92 75 49 46
"meublés
de tourisme",Le Moulin - Gite L'Amandier,Le Moulin 04150 La Rochegiron,contact@gite-le-moulin.fr,06 61 47 69 53
"meublés
de tourisme",Le Moulin - Gite L'Olivier,Le Moulin 04150 La Rochegiron,contact@gite-le-moulin.fr,06 61 47 69 53
"meublés
de tourisme",Le Moulin de Lincel - Gîte Aromatica,Moulin de Lincel 04870 Saint-Michel-l'Observatoire,moulindelincel@gmail.com,06 16 09 81 78
"meublés
de tourisme",Le Moulin de Lincel - Gîte Hysope,Moulin de Lincel 04870 Saint-Michel-l'Observatoire,moulindelincel@gmail.com,06 16 09 81 78
"meublés
de tourisme",Le Moulin de Lincel - Gîte Salvia,Moulin de Lincel 04870 Saint-Michel-l'Observatoire,moulindelincel@gmail.com,06 16 09 81 78
"meublés
de tourisme",Le Moulin de Lincel - Gîte Tanaisie,Moulin de Lincel 04870 Saint-Michel-l'Observatoire,moulindelincel@gmail.com,06 16 09 81 78
"meublés
de tourisme",Le Moulin de Prédelles - Gîte Le Nathalie,4999 Chemin du Largue 04110 Reillanne,moulindepredelles@gmail.com,06 60 08 30 36
"meublés
de tourisme",Le Moulin de Predelles - Le Mistral,4999 - chemin du Largue 04110 Reillanne,moulindepredelles@gmail.com,06 60 08 30 36
"meublés
de tourisme",Le Moulin de Predelles -Sirocco,4999 chemin du Largue 04110 Reillanne,moulindepredelles@gmail.com,06 60 08 30 36
"meublés
de tourisme",Le moulin de Roche,Le moulin de Roche 04150 Revest-des-Brousses,pierrotdesiles@gmail.com,06 67 18 67 85
"meublés
de tourisme",LE PAON,Le Paon Redortiers Le Contadour 04150 Redortiers,marionheld05@gmail.com,06 41 41 51 09
"meublés
de tourisme",LE PARENTIEU,chemin de Parentieu 04110 Reillanne,stephanevalery@gmail.com,06 72 99 17 81
"meublés
de tourisme",Le Pigeonnier de Rocambole,248 Chemin de la Brèche 04150 Simiane-la-Rotonde,Art.conservation@outlook.com,+12067152549
"meublés
de tourisme",Le point du jour,774 route des Blaques 04150 Simiane-la-Rotonde,martine.rancoule@free.fr,06 11 65 95 65
"meublés
de tourisme",Le sens des Merveilles,Chemin du Plan 04300 Mane,nat.elbaz04@gmail.com,06 61 56 39 12
"meublés
de tourisme",Le Temps de vivre - Le Mas La Bella Vista,chemin des Ubages 04300 Dauphin,labellavista04@gmail.com,+33 6 82 15 17 94
"meublés
de tourisme",Le Vallon,Impasse de Vaureinoue 04110 Reillanne,alain.kharalian@sfr.fr,Non trouvé
"meublés
de tourisme",L'Entre - Temps,3 lot haut de Briand 04300 Mane,paulsmeriglio@outlook.fr,06 83 12 59 15
"meublés
de tourisme",Les Andrieux 1,Les Andrieux 04150 Banon,Non trouvé,04 92 73 29 68
"meublés
de tourisme",Les Andrieux 2,Les Andrieux 04150 Banon,Non trouvé,04 92 73 29 68
"meublés
de tourisme",Les Eyssautiers,Les Eyssautiers 04870 Saint-Michel-l'Observatoire,Non trouvé,Non trouvé
"meublés
de tourisme",Les Favouilles - Gîte Rural,2440 chemin de Biabaux 04300 Dauphin,lesfavouilles@laposte.net,06 17 03 08 87
"meublés
de tourisme",Les Grangettes,Rue du Chapeau Rouge 04150 Simiane-la-Rotonde,annieblanc04150@yahoo.com,06 84 15 21 34
"meublés
de tourisme",Les Iris,Le village 04110 Oppedette,fabienne.lvx@gmail.com,06 32 29 93 45
"meublés
de tourisme",Les Marronniers Appartement Location à la Semaine ou à la Nuitée,Avenue clémenceau 04150 Revest-du-Bion,Non trouvé,Non trouvé
"meublés
de tourisme",Les Robiniers,159 chemin du Bief 04300 Dauphin,booking@lesrobiniers.com,06 11 09 35 50
"meublés
de tourisme",Les Terrasses de l'Adrech,147 Chemin de l'Adrech 04150 Banon,dd.carbo@orange.fr,06 23 98 15 05
"meublés
de tourisme",Les Tipaniers,Les Granges 04150 Simiane-la-Rotonde,pascalebibard@gmail.com,Non trouvé
"meublés
de tourisme",Les Tournesols,04110 Reillanne,nanetgil@free.fr,04 92 76 51 10
"meublés
de tourisme",Location Provence - Chantal Fayet,Le faubourg 04150 Simiane-la-Rotonde,fayet.chantal@wanadoo.fr,666518975
"meublés
de tourisme",L'OLIVIER REVEUR,Chemin du Largue 04110 Reillanne,lolivierreveur@gmail.fr,06 25 51 18 52
"meublés
de tourisme",Lou Paradou,69 impasse St Paul 04870 Saint-Michel-l'Observatoire,juliedepoisson@yahoo.com,06 17 38 13 31
"meublés
de tourisme",Loudraille,04150 Banon,karine@apdestination.com,04 92 75 42 85
"meublés
de tourisme",Loveou,Quartier Saint-Estève 04300 Mane,b.dargirolle@free.fr,06 98 99 50 01
"meublés
de tourisme",Maison Bellevue,Lieu-dit Bellevue 04110 Villemus,Non trouvé,Non trouvé
"meublés
de tourisme",Maison de l'Orge,429 chemin de l'Orge 04150 Banon,tati.banon@free.fr,06 87 44 89 44
"meublés
de tourisme",Maison de Paul,La Combe d'Arnaud 04870 Saint-Michel-l'Observatoire,giraud.paule@wanadoo.fr,06 74 19 11 54
"meublés
de tourisme",Maison de village,Le village 04150 Montsalier,cocohamer@hotmail.fr,06 82 91 66 78
"meublés
de tourisme",Maison de Virginie,La Combe d'Arnaud 04870 Saint-Michel-l'Observatoire,giraud.paule@wanadoo.fr,06 74 19 11 54
"meublés
de tourisme",Maison neuve avec piscine,Chemin du bout des vignes 04150 Simiane-la-Rotonde,brigitte.bertelli@gmail.com,689478239
"meublés
de tourisme",Maison provençale indépendante avec piscine privée et SPA!,04150 Simiane-la-Rotonde,johan.meffre@outlook.fr,06 69 24 56 20
"meublés
de tourisme",Maisonnette chaleureuse en Haute Provence,645 route de Simiane 04150 Revest-du-Bion,ndeturckheim@gmail.com,06 15 16 70 26
"meublés
de tourisme","Mas en Luberon, vue imprenable",Chemin du guerrier gaulois 04110 Vachères,gregory26@orange.fr,06 03 69 67 12
"meublés
de tourisme",Mas La Miellerie / Maison authentique Provence,20 haut cheyran 04150 Simiane-la-Rotonde,christiane.vollaire@gmail.com,06 81 81 63 48
"meublés
de tourisme",MASSEL Nicole,Rue du Barri 04870 Saint-Michel-l'Observatoire,nicole.massel@free.fr,04 92 76 68 45
"meublés
de tourisme",Meublé de Tourisme,4 rue du Pourcheirieu 04300 Dauphin,ch.delaforestdivonne@gmail.com,07 83 78 83 04
"meublés
de tourisme",Meublé de tourisme,Chemin des Bédauches 04110 Reillanne,isabellebonete@yahoo.com,06 87 08 27 77
"meublés
de tourisme",Meublé de Tourisme Saint Maime,149 chemin du roucas 04300 Saint-Maime,josephdupas@aol.com,06 19 21 44 77
"meublés
de tourisme",PEACE Isabelle,VILLAGE 04110 Sainte-Croix-à-Lauze,isabelle.peace@orange.fr,492756611
"meublés
de tourisme",Perle en Provence,4 Lotissement le Clos du Comte 04150 Simiane-la-Rotonde,perle.en.provence@gmail.com,Non trouvé
"meublés
de tourisme",PICARDO Aime et Betty,"CRAU DES ROYERES
 ANCIENNE GARE DE LINCEL 04870 Saint-Michel-l'Observatoire",infos@gites-de-france-04.fr,Non trouvé
"meublés
de tourisme",PICARDO Aime et Betty,"CRAU DES ROYERES
 ANCIENNE GARE DE LINCEL 04870 Saint-Michel-l'Observatoire",infos@gites-de-france-04.fr,Non trouvé
"meublés
de tourisme",Plein cœur de Banon,40 place de la République 04150 Banon,farpagre@gmail.com,07 83 69 87 05
"meublés
de tourisme",Rêves de Provence - Le Mas La Bella Vista,chemin des Ubages 04300 Dauphin,labellavista04@gmail.com,+33 6 82 15 17 94
"meublés
de tourisme",Richaud Suzanne,Domaine Saint-Sauveur 04870 Saint-Michel-l'Observatoire,Non trouvé,06 17 29 47 64
"meublés
de tourisme",Rue Grande Location Dauphin,3 rue grande 04300 Dauphin,remydedo@gmail.com,06 11 35 41 54
"meublés
de tourisme",SAINT JEAN,SAINT-JEAN 04110 Aubenas-les-Alpes,info@lureluberon.com,04 92 76 61 19
"meublés
de tourisme",Saint Jean I,QUARTIER SAINT-JEAN 04150 Banon,Non trouvé,06 82 24 56 97
"meublés
de tourisme",Sous les Etoiles,1063 route du château 04110 Aubenas-les-Alpes,d.bouthiaux@free.fr,06 87 83 43 69
"meublés
de tourisme",Studio de Chaloux,Chaloux 04150 Simiane-la-Rotonde,contact@gite-chaloux.com,04 92 75 99 13
"meublés
de tourisme",Villa Emmanuelle,Les Coustoulliers 04150 Banon,karine.apdestination@gmail.com,04 92 73 03 52